Workbook

Sheet Synthèse
A1: Logimalin : prévisionnel sur un an (nov. 2026 à oct. 2027)
A2: Estimation, pas une promesse : le site a une semaine d’historique Search Console. À recaler chaque mois avec les vrais chiffres.
A4: Indicateur | B4: Pessimiste | C4: Réaliste | D4: Optimiste
A5: Visites sur 12 mois | B5: =Prévisionnel!C16 -> 12243.763 | C5: =Prévisionnel!G16 -> 36493.417 | D5: =Prévisionnel!K16 -> 93246.883
A6: Visites en octobre 2027 (mois 12) | B6: =Prévisionnel!C15 -> 2453.66 | C6: =Prévisionnel!G15 -> 7313.31 | D6: =Prévisionnel!K15 -> 18686.75
A7: Visites par jour en octobre 2027 | B7: =B6/31 -> 79.150323 | C7: =C6/31 -> 235.91323 | D7: =D6/31 -> 602.79839
A8: Clics vers les logiciels sur 12 mois | B8: =Prévisionnel!D16 -> 612.18817 | C8: =Prévisionnel!H16 -> 2919.4734 | D8: =Prévisionnel!L16 -> 10257.157
A9: Conversions rémunérées sur 12 mois | B9: =Prévisionnel!E16 -> 3.888354 | C9: =Prévisionnel!I16 -> 43.51845 | D9: =Prévisionnel!M16 -> 280.18913
A10: Commissions sur 12 mois | B10: =Prévisionnel!F16 -> 116.65062 | C10: =Prévisionnel!J16 -> 2175.9225 | D10: =Prévisionnel!N16 -> 22415.13
A11: Commissions en octobre 2027 (mois 12) | B11: =Prévisionnel!F15 -> 24.843308 | C11: =Prévisionnel!J15 -> 482.67846 | D11: =Prévisionnel!N15 -> 5179.9671
A12: Revenu annuel au rythme du mois 12 | B12: =Prévisionnel!F15*12 -> 298.11969 | C12: =Prévisionnel!J15*12 -> 5792.1415 | D12: =Prévisionnel!N15*12 -> 62159.605
A14: Leviers qui font passer d’un scénario à l’autre
A15: 1. Faire accepter les programmes des pages les plus citées : Abby (37 pages), Tiime (16), HubSpot (6). C’est la ligne « part des clics rémunérés ».
A16: 2. Obtenir des liens (CCI, BGE, médias) : c’est ce qui fait sortir un site neuf de la page 5-8 où il est aujourd’hui (position moyenne 78).
A17: 3. Profiter de la vague facture électronique (septembre 2027) : la page plateforme agréée est déjà la plus vue (109 impressions en 4 jours).
A18: 4. Newsletter : chaque inscrit est un lecteur qu’on peut faire revenir sans Google.

Sheet Hypothèses
A1: Prévisionnel Logimalin : hypothèses (cellules bleues modifiables)
A3: Hypothèse | B3: Unité | C3: Pessimiste | D3: Réaliste | E3: Optimiste | F3: Source / justification
A4: Volume mensuel des requêtes ciblées (hors marques) | B4: recherches/mois | C4: 379640 | D4: 379640 | E4: 379640 | F4: Somme des volumes des clusters ciblés, vagues 1 à 10 (docs/STRATEGIE-SEO.md, OpenSEO, Google France). Pages des vagues 4 à 6 non comptées.
A5: Volume des requêtes de marque (Chorus Pro, Calendly, Henrri…) | B5: recherches/mois | C5: 664800 | D5: 664800 | E5: 664800 | F5: Requêtes de navigation : l’internaute cherche le site officiel, très peu cliquent sur un avis.
A6: Taux de clic moyen à maturité (requêtes ciblées) | B6: % | C6: 0.005 | D6: 0.015 | E6: 0.035 | F6: Part des recherches qui arrivent sur le site au 12e mois. 1,5 % ≈ moitié des pages en 1re page sur leurs requêtes faciles (difficulté < 15).
A7: Taux de clic moyen à maturité (requêtes de marque) | B7: % | C7: 0.0005 | D7: 0.001 | E7: 0.0025 | F7: Les pages avis/alternatives captent une petite fraction des recherches de marque.
A8: Trafic hors Google (LinkedIn, liens, direct, newsletter) | B8: % du trafic Google | C8: 0.1 | D8: 0.15 | E8: 0.25 | F8: Démarchage CCI/BGE, page LinkedIn, newsletter.
A9: Taux de clic vers un lien affilié | B9: % des visites | C9: 0.05 | D9: 0.08 | E9: 0.11 | F9: Repère des sites de comparatifs : 5 à 12 %. Les pages « Créer » (informatives) cliquent moins.
A10: Part des clics vers un programme rémunéré, nov. 2026 | B10: % | C10: 0.35 | D10: 0.35 | E10: 0.35 | F10: Aujourd’hui : 5 programmes branchés sur environ 260 liens-pages (Abby, Tiime, HubSpot non rémunérés).
A11: Part des clics vers un programme rémunéré, oct. 2027 | B11: % | C11: 0.45 | D11: 0.55 | E11: 0.7 | F11: Dépend des acceptations : HubSpot, Tiime, Abby (recandidature), Pipedrive, Legalstart, SeDomicilier.
A12: Taux de conversion clic → commission | B12: % | C12: 0.015 | D12: 0.03 | E12: 0.045 | F12: Inscription à un essai, lead ou abonnement selon le programme.
A13: Commission moyenne par conversion | B13: € | C13: 30 | D13: 50 | E13: 80 | F13: Mix : Indy (lead, jusqu’à 345 €), Axonaut (≈ 300 €/client), Systeme.io (40 % récurrent), SumUp (prime par vente), leads plus modestes.
A15: Point de départ (Search Console, 13 au 16/10/2026)
A16: Clics Google | C16: 4
A17: Impressions | C17: 792
A18: Position moyenne | C18: 78
A19: Pages indexées avec impressions (28 j) | C19: 69
A20: Pages publiées | C20: 133
A22: Lecture : le site a une semaine d’indexation. Un site neuf met en général 4 à 8 mois à remonter sur ses requêtes ; la courbe de montée en puissance (onglet Prévisionnel) le reflète.

Sheet Prévisionnel
A1: Prévisionnel mensuel, novembre 2026 à octobre 2027
A3: Mois | B3: Montée en puissance (% de la maturité) | C3: Pessimiste : visites | D3: Pessimiste : clics affiliés | E3: Pessimiste : conversions | F3: Pessimiste : commissions (€) | G3: Réaliste : visites | H3: Réaliste : clics affiliés | I3: Réaliste : conversions | J3: Réaliste : commissions (€) | K3: Optimiste : visites | L3: Optimiste : clics affiliés | M3: Optimiste : conversions | N3: Optimiste : commissions (€)
A4: nov. 2026 | B4: 0.03 | C4: =(Hypothèses!$C$4*Hypothèses!$C$6+Hypothèses!$C$5*Hypothèses!$C$7)*$B4*(1+Hypothèses!$C$8) -> 73.6098 | D4: =C4*Hypothèses!$C$9 -> 3.68049 | E4: =D4*(Hypothèses!$C$10+(Hypothèses!$C$11-Hypothèses!$C$10)*0/11)*Hypothèses!$C$12 -> 0.019322572 | F4: =E4*Hypothèses!$C$13 -> 0.57967718 | G4: =(Hypothèses!$D$4*Hypothèses!$D$6+Hypothèses!$D$5*Hypothèses!$D$7)*$B4*(1+Hypothèses!$D$8) -> 219.3993 | H4: =G4*Hypothèses!$D$9 -> 17.551944 | I4: =H4*(Hypothèses!$D$10+(Hypothèses!$D$11-Hypothèses!$D$10)*0/11)*Hypothèses!$D$12 -> 0.18429541 | J4: =I4*Hypothèses!$D$13 -> 9.2147706 | K4: =(Hypothèses!$E$4*Hypothèses!$E$6+Hypothèses!$E$5*Hypothèses!$E$7)*$B4*(1+Hypothèses!$E$8) -> 560.6025 | L4: =K4*Hypothèses!$E$9 -> 61.666275 | M4: =L4*(Hypothèses!$E$10+(Hypothèses!$E$11-Hypothèses!$E$10)*0/11)*Hypothèses!$E$12 -> 0.97124383 | N4: =M4*Hypothèses!$E$13 -> 77.699506
A5: déc. 2026 | B5: 0.06 | C5: =(Hypothèses!$C$4*Hypothèses!$C$6+Hypothèses!$C$5*Hypothèses!$C$7)*$B5*(1+Hypothèses!$C$8) -> 147.2196 | D5: =C5*Hypothèses!$C$9 -> 7.36098 | E5: =D5*(Hypothèses!$C$10+(Hypothèses!$C$11-Hypothèses!$C$10)*1/11)*Hypothèses!$C$12 -> 0.039648915 | F5: =E5*Hypothèses!$C$13 -> 1.1894674 | G5: =(Hypothèses!$D$4*Hypothèses!$D$6+Hypothèses!$D$5*Hypothèses!$D$7)*$B5*(1+Hypothèses!$D$8) -> 438.7986 | H5: =G5*Hypothèses!$D$9 -> 35.103888 | I5: =H5*(Hypothèses!$D$10+(Hypothèses!$D$11-Hypothèses!$D$10)*1/11)*Hypothèses!$D$12 -> 0.3877384 | J5: =I5*Hypothèses!$D$13 -> 19.38692 | K5: =(Hypothèses!$E$4*Hypothèses!$E$6+Hypothèses!$E$5*Hypothèses!$E$7)*$B5*(1+Hypothèses!$E$8) -> 1121.205 | L5: =K5*Hypothèses!$E$9 -> 123.33255 | M5: =L5*(Hypothèses!$E$10+(Hypothèses!$E$11-Hypothèses!$E$10)*1/11)*Hypothèses!$E$12 -> 2.1190774 | N5: =M5*Hypothèses!$E$13 -> 169.5262
A6: janv. 2027 | B6: 0.1 | C6: =(Hypothèses!$C$4*Hypothèses!$C$6+Hypothèses!$C$5*Hypothèses!$C$7)*$B6*(1+Hypothèses!$C$8) -> 245.366 | D6: =C6*Hypothèses!$C$9 -> 12.2683 | E6: =D6*(Hypothèses!$C$10+(Hypothèses!$C$11-Hypothèses!$C$10)*2/11)*Hypothèses!$C$12 -> 0.067754475 | F6: =E6*Hypothèses!$C$13 -> 2.0326343 | G6: =(Hypothèses!$D$4*Hypothèses!$D$6+Hypothèses!$D$5*Hypothèses!$D$7)*$B6*(1+Hypothèses!$D$8) -> 731.331 | H6: =G6*Hypothèses!$D$9 -> 58.50648 | I6: =H6*(Hypothèses!$D$10+(Hypothèses!$D$11-Hypothèses!$D$10)*2/11)*Hypothèses!$D$12 -> 0.67814329 | J6: =I6*Hypothèses!$D$13 -> 33.907165 | K6: =(Hypothèses!$E$4*Hypothèses!$E$6+Hypothèses!$E$5*Hypothèses!$E$7)*$B6*(1+Hypothèses!$E$8) -> 1868.675 | L6: =K6*Hypothèses!$E$9 -> 205.55425 | M6: =L6*(Hypothèses!$E$10+(Hypothèses!$E$11-Hypothèses!$E$10)*2/11)*Hypothèses!$E$12 -> 3.8261121 | N6: =M6*Hypothèses!$E$13 -> 306.08896
A7: févr. 2027 | B7: 0.15 | C7: =(Hypothèses!$C$4*Hypothèses!$C$6+Hypothèses!$C$5*Hypothèses!$C$7)*$B7*(1+Hypothèses!$C$8) -> 368.049 | D7: =C7*Hypothèses!$C$9 -> 18.40245 | E7: =D7*(Hypothèses!$C$10+(Hypothèses!$C$11-Hypothèses!$C$10)*3/11)*Hypothèses!$C$12 -> 0.10414114 | F7: =E7*Hypothèses!$C$13 -> 3.1242341 | G7: =(Hypothèses!$D$4*Hypothèses!$D$6+Hypothèses!$D$5*Hypothèses!$D$7)*$B7*(1+Hypothèses!$D$8) -> 1096.9965 | H7: =G7*Hypothèses!$D$9 -> 87.75972 | I7: =H7*(Hypothèses!$D$10+(Hypothèses!$D$11-Hypothèses!$D$10)*3/11)*Hypothèses!$D$12 -> 1.0650839 | J7: =I7*Hypothèses!$D$13 -> 53.254194 | K7: =(Hypothèses!$E$4*Hypothèses!$E$6+Hypothèses!$E$5*Hypothèses!$E$7)*$B7*(1+Hypothèses!$E$8) -> 2803.0125 | L7: =K7*Hypothèses!$E$9 -> 308.33137 | M7: =L7*(Hypothèses!$E$10+(Hypothèses!$E$11-Hypothèses!$E$10)*3/11)*Hypothèses!$E$12 -> 6.1806426 | N7: =M7*Hypothèses!$E$13 -> 494.45141
A8: mars 2027 | B8: 0.22 | C8: =(Hypothèses!$C$4*Hypothèses!$C$6+Hypothèses!$C$5*Hypothèses!$C$7)*$B8*(1+Hypothèses!$C$8) -> 539.8052 | D8: =C8*Hypothèses!$C$9 -> 26.99026 | E8: =D8*(Hypothèses!$C$10+(Hypothèses!$C$11-Hypothèses!$C$10)*4/11)*Hypothèses!$C$12 -> 0.15642083 | F8: =E8*Hypothèses!$C$13 -> 4.6926248 | G8: =(Hypothèses!$D$4*Hypothèses!$D$6+Hypothèses!$D$5*Hypothèses!$D$7)*$B8*(1+Hypothèses!$D$8) -> 1608.9282 | H8: =G8*Hypothèses!$D$9 -> 128.71426 | I8: =H8*(Hypothèses!$D$10+(Hypothèses!$D$11-Hypothèses!$D$10)*4/11)*Hypothèses!$D$12 -> 1.6323308 | J8: =I8*Hypothèses!$D$13 -> 81.61654 | K8: =(Hypothèses!$E$4*Hypothèses!$E$6+Hypothèses!$E$5*Hypothèses!$E$7)*$B8*(1+Hypothèses!$E$8) -> 4111.085 | L8: =K8*Hypothèses!$E$9 -> 452.21935 | M8: =L8*(Hypothèses!$E$10+(Hypothèses!$E$11-Hypothèses!$E$10)*4/11)*Hypothèses!$E$12 -> 9.7124383 | N8: =M8*Hypothèses!$E$13 -> 776.99506
A9: avr. 2027 | B9: 0.3 | C9: =(Hypothèses!$C$4*Hypothèses!$C$6+Hypothèses!$C$5*Hypothèses!$C$7)*$B9*(1+Hypothèses!$C$8) -> 736.098 | D9: =C9*Hypothèses!$C$9 -> 36.8049 | E9: =D9*(Hypothèses!$C$10+(Hypothèses!$C$11-Hypothèses!$C$10)*5/11)*Hypothèses!$C$12 -> 0.21831997 | F9: =E9*Hypothèses!$C$13 -> 6.5495992 | G9: =(Hypothèses!$D$4*Hypothèses!$D$6+Hypothèses!$D$5*Hypothèses!$D$7)*$B9*(1+Hypothèses!$D$8) -> 2193.993 | H9: =G9*Hypothèses!$D$9 -> 175.51944 | I9: =H9*(Hypothèses!$D$10+(Hypothèses!$D$11-Hypothèses!$D$10)*5/11)*Hypothèses!$D$12 -> 2.3216435 | J9: =I9*Hypothèses!$D$13 -> 116.08218 | K9: =(Hypothèses!$E$4*Hypothèses!$E$6+Hypothèses!$E$5*Hypothèses!$E$7)*$B9*(1+Hypothèses!$E$8) -> 5606.025 | L9: =K9*Hypothèses!$E$9 -> 616.66275 | M9: =L9*(Hypothèses!$E$10+(Hypothèses!$E$11-Hypothèses!$E$10)*5/11)*Hypothèses!$E$12 -> 14.127183 | N9: =M9*Hypothèses!$E$13 -> 1130.1746
A10: mai 2027 | B10: 0.4 | C10: =(Hypothèses!$C$4*Hypothèses!$C$6+Hypothèses!$C$5*Hypothèses!$C$7)*$B10*(1+Hypothèses!$C$8) -> 981.464 | D10: =C10*Hypothèses!$C$9 -> 49.0732 | E10: =D10*(Hypothèses!$C$10+(Hypothèses!$C$11-Hypothèses!$C$10)*6/11)*Hypothèses!$C$12 -> 0.2977851 | F10: =E10*Hypothèses!$C$13 -> 8.933553 | G10: =(Hypothèses!$D$4*Hypothèses!$D$6+Hypothèses!$D$5*Hypothèses!$D$7)*$B10*(1+Hypothèses!$D$8) -> 2925.324 | H10: =G10*Hypothèses!$D$9 -> 234.02592 | I10: =H10*(Hypothèses!$D$10+(Hypothèses!$D$11-Hypothèses!$D$10)*6/11)*Hypothèses!$D$12 -> 3.2231752 | J10: =I10*Hypothèses!$D$13 -> 161.15876 | K10: =(Hypothèses!$E$4*Hypothèses!$E$6+Hypothèses!$E$5*Hypothèses!$E$7)*$B10*(1+Hypothèses!$E$8) -> 7474.7 | L10: =K10*Hypothèses!$E$9 -> 822.217 | M10: =L10*(Hypothèses!$E$10+(Hypothèses!$E$11-Hypothèses!$E$10)*6/11)*Hypothèses!$E$12 -> 20.013509 | N10: =M10*Hypothèses!$E$13 -> 1601.0807
A11: juin 2027 | B11: 0.5 | C11: =(Hypothèses!$C$4*Hypothèses!$C$6+Hypothèses!$C$5*Hypothèses!$C$7)*$B11*(1+Hypothèses!$C$8) -> 1226.83 | D11: =C11*Hypothèses!$C$9 -> 61.3415 | E11: =D11*(Hypothèses!$C$10+(Hypothèses!$C$11-Hypothèses!$C$10)*7/11)*Hypothèses!$C$12 -> 0.38059613 | F11: =E11*Hypothèses!$C$13 -> 11.417884 | G11: =(Hypothèses!$D$4*Hypothèses!$D$6+Hypothèses!$D$5*Hypothèses!$D$7)*$B11*(1+Hypothèses!$D$8) -> 3656.655 | H11: =G11*Hypothèses!$D$9 -> 292.5324 | I11: =H11*(Hypothèses!$D$10+(Hypothèses!$D$11-Hypothèses!$D$10)*7/11)*Hypothèses!$D$12 -> 4.1885321 | J11: =I11*Hypothèses!$D$13 -> 209.4266 | K11: =(Hypothèses!$E$4*Hypothèses!$E$6+Hypothèses!$E$5*Hypothèses!$E$7)*$B11*(1+Hypothèses!$E$8) -> 9343.375 | L11: =K11*Hypothèses!$E$9 -> 1027.7713 | M11: =L11*(Hypothèses!$E$10+(Hypothèses!$E$11-Hypothèses!$E$10)*7/11)*Hypothèses!$E$12 -> 26.488468 | N11: =M11*Hypothèses!$E$13 -> 2119.0775
A12: juil. 2027 | B12: 0.62 | C12: =(Hypothèses!$C$4*Hypothèses!$C$6+Hypothèses!$C$5*Hypothèses!$C$7)*$B12*(1+Hypothèses!$C$8) -> 1521.2692 | D12: =C12*Hypothèses!$C$9 -> 76.06346 | E12: =D12*(Hypothèses!$C$10+(Hypothèses!$C$11-Hypothèses!$C$10)*8/11)*Hypothèses!$C$12 -> 0.48231148 | F12: =E12*Hypothèses!$C$13 -> 14.469345 | G12: =(Hypothèses!$D$4*Hypothèses!$D$6+Hypothèses!$D$5*Hypothèses!$D$7)*$B12*(1+Hypothèses!$D$8) -> 4534.2522 | H12: =G12*Hypothèses!$D$9 -> 362.74018 | I12: =H12*(Hypothèses!$D$10+(Hypothèses!$D$11-Hypothèses!$D$10)*8/11)*Hypothèses!$D$12 -> 5.3916381 | J12: =I12*Hypothèses!$D$13 -> 269.5819 | K12: =(Hypothèses!$E$4*Hypothèses!$E$6+Hypothèses!$E$5*Hypothèses!$E$7)*$B12*(1+Hypothèses!$E$8) -> 11585.785 | L12: =K12*Hypothèses!$E$9 -> 1274.4363 | M12: =L12*(Hypothèses!$E$10+(Hypothèses!$E$11-Hypothèses!$E$10)*8/11)*Hypothèses!$E$12 -> 34.670462 | N12: =M12*Hypothèses!$E$13 -> 2773.6369
A13: août 2027 | B13: 0.74 | C13: =(Hypothèses!$C$4*Hypothèses!$C$6+Hypothèses!$C$5*Hypothèses!$C$7)*$B13*(1+Hypothèses!$C$8) -> 1815.7084 | D13: =C13*Hypothèses!$C$9 -> 90.78542 | E13: =D13*(Hypothèses!$C$10+(Hypothèses!$C$11-Hypothèses!$C$10)*9/11)*Hypothèses!$C$12 -> 0.58804192 | F13: =E13*Hypothèses!$C$13 -> 17.641258 | G13: =(Hypothèses!$D$4*Hypothèses!$D$6+Hypothèses!$D$5*Hypothèses!$D$7)*$B13*(1+Hypothèses!$D$8) -> 5411.8494 | H13: =G13*Hypothèses!$D$9 -> 432.94795 | I13: =H13*(Hypothèses!$D$10+(Hypothèses!$D$11-Hypothèses!$D$10)*9/11)*Hypothèses!$D$12 -> 6.6713344 | J13: =I13*Hypothèses!$D$13 -> 333.56672 | K13: =(Hypothèses!$E$4*Hypothèses!$E$6+Hypothèses!$E$5*Hypothèses!$E$7)*$B13*(1+Hypothèses!$E$8) -> 13828.195 | L13: =K13*Hypothèses!$E$9 -> 1521.1015 | M13: =L13*(Hypothèses!$E$10+(Hypothèses!$E$11-Hypothèses!$E$10)*9/11)*Hypothèses!$E$12 -> 43.558814 | N13: =M13*Hypothèses!$E$13 -> 3484.7051
A14: sept. 2027 | B14: 0.87 | C14: =(Hypothèses!$C$4*Hypothèses!$C$6+Hypothèses!$C$5*Hypothèses!$C$7)*$B14*(1+Hypothèses!$C$8) -> 2134.6842 | D14: =C14*Hypothèses!$C$9 -> 106.73421 | E14: =D14*(Hypothèses!$C$10+(Hypothèses!$C$11-Hypothèses!$C$10)*10/11)*Hypothèses!$C$12 -> 0.70590125 | F14: =E14*Hypothèses!$C$13 -> 21.177038 | G14: =(Hypothèses!$D$4*Hypothèses!$D$6+Hypothèses!$D$5*Hypothèses!$D$7)*$B14*(1+Hypothèses!$D$8) -> 6362.5797 | H14: =G14*Hypothèses!$D$9 -> 509.00638 | I14: =H14*(Hypothèses!$D$10+(Hypothèses!$D$11-Hypothèses!$D$10)*10/11)*Hypothèses!$D$12 -> 8.1209654 | J14: =I14*Hypothèses!$D$13 -> 406.04827 | K14: =(Hypothèses!$E$4*Hypothèses!$E$6+Hypothèses!$E$5*Hypothèses!$E$7)*$B14*(1+Hypothèses!$E$8) -> 16257.472 | L14: =K14*Hypothèses!$E$9 -> 1788.322 | M14: =L14*(Hypothèses!$E$10+(Hypothèses!$E$11-Hypothèses!$E$10)*10/11)*Hypothèses!$E$12 -> 53.77159 | N14: =M14*Hypothèses!$E$13 -> 4301.7272
A15: oct. 2027 | B15: 1 | C15: =(Hypothèses!$C$4*Hypothèses!$C$6+Hypothèses!$C$5*Hypothèses!$C$7)*$B15*(1+Hypothèses!$C$8) -> 2453.66 | D15: =C15*Hypothèses!$C$9 -> 122.683 | E15: =D15*(Hypothèses!$C$10+(Hypothèses!$C$11-Hypothèses!$C$10)*11/11)*Hypothèses!$C$12 -> 0.82811025 | F15: =E15*Hypothèses!$C$13 -> 24.843308 | G15: =(Hypothèses!$D$4*Hypothèses!$D$6+Hypothèses!$D$5*Hypothèses!$D$7)*$B15*(1+Hypothèses!$D$8) -> 7313.31 | H15: =G15*Hypothèses!$D$9 -> 585.0648 | I15: =H15*(Hypothèses!$D$10+(Hypothèses!$D$11-Hypothèses!$D$10)*11/11)*Hypothèses!$D$12 -> 9.6535692 | J15: =I15*Hypothèses!$D$13 -> 482.67846 | K15: =(Hypothèses!$E$4*Hypothèses!$E$6+Hypothèses!$E$5*Hypothèses!$E$7)*$B15*(1+Hypothèses!$E$8) -> 18686.75 | L15: =K15*Hypothèses!$E$9 -> 2055.5425 | M15: =L15*(Hypothèses!$E$10+(Hypothèses!$E$11-Hypothèses!$E$10)*11/11)*Hypothèses!$E$12 -> 64.749589 | N15: =M15*Hypothèses!$E$13 -> 5179.9671
A16: Total 12 mois | C16: =SUM(C4:C15) -> 12243.763 | D16: =SUM(D4:D15) -> 612.18817 | E16: =SUM(E4:E15) -> 3.888354 | F16: =SUM(F4:F15) -> 116.65062 | G16: =SUM(G4:G15) -> 36493.417 | H16: =SUM(H4:H15) -> 2919.4734 | I16: =SUM(I4:I15) -> 43.51845 | J16: =SUM(J4:J15) -> 2175.9225 | ... N16: =SUM(N4:N15) -> 22415.13
A18: Courbe de montée en puissance : hypothèse d’un site neuf (sortie de la « sandbox » Google vers le 4e-6e mois), avec un pic de demande attendu avant l’obligation d’émettre des factures électroniques le 1er septembre 2027 pour les TPE.
